Offence_Month,Rego_State,Sum_Pen_Amt,Sum_Inf_Count
Apr 2011,ACT,575384.0,3072
Apr 2011,NSW,345527.0,1712
Apr 2011,NT,942.0,6
Apr 2011,QLD,28401.0,143
Apr 2011,SA,7121.0,33
Apr 2011,TAS,1686.0,10
Apr 2011,VIC,56667.0,278
Apr 2011,WA,5085.0,21
Apr 2012,ACT,436994.0,2302
Apr 2012,NSW,293138.0,1472
Apr 2012,NT,972.0,6
Apr 2012,QLD,19621.0,112
Apr 2012,SA,4381.0,26
Apr 2012,TAS,810.0,5
Apr 2012,VIC,46240.0,248
Apr 2012,WA,4394.0,26
Apr 2013,ACT,516146.0,2547
Apr 2013,NSW,307566.0,1466
Apr 2013,NT,334.0,2
Apr 2013,QLD,22028.0,100
Apr 2013,SA,3588.0,20
Apr 2013,TAS,1554.0,8
Apr 2013,VIC,44066.0,224
Apr 2013,WA,4417.0,22
Apr 2014,ACT,489721.0,2090
Apr 2014,NSW,305465.0,1301
Apr 2014,NT,3112.0,4
Apr 2014,QLD,26154.0,103
Apr 2014,SA,3149.0,17
Apr 2014,TAS,2573.0,12
Apr 2014,VIC,46714.0,205
Apr 2014,WA,3116.0,14
Apr 2015,ACT,652815.0,2357
Apr 2015,NSW,343631.0,1324
Apr 2015,NT,860.0,4
Apr 2015,QLD,30065.0,121
Apr 2015,SA,5885.0,25
Apr 2015,TAS,3155.0,14
Apr 2015,VIC,49539.0,194
Apr 2015,WA,3480.0,15
Apr 2016,ACT,789552.0,2844
Apr 2016,NAV,0.0,1
Apr 2016,NSW,458377.0,1616
Apr 2016,NT,1296.0,5
Apr 2016,QLD,27133.0,103
Apr 2016,SA,5730.0,23
Apr 2016,TAS,2596.0,11
Apr 2016,VIC,55232.0,194
Apr 2016,WA,5297.0,18
Apr 2017,ACT,1212733.0,3114
Apr 2017,NSW,697188.0,1562
Apr 2017,NT,1922.0,7
Apr 2017,QLD,55272.0,103
Apr 2017,SA,11818.0,26
Apr 2017,TAS,2123.0,8
Apr 2017,VIC,152165.0,236
Apr 2017,WA,10736.0,25
Apr 2018,ACT,1638506.0,3681
Apr 2018,NSW,1111660.0,2211
Apr 2018,NT,3705.0,7
Apr 2018,QLD,90376.0,147
Apr 2018,SA,17561.0,43
Apr 2018,TAS,7505.0,19
Apr 2018,VIC,160483.0,299
Apr 2018,WA,9851.0,31
Apr 2019,ACT,974014.0,2359
Apr 2019,NSW,612420.0,1286
Apr 2019,NT,584.0,2
Apr 2019,QLD,47340.0,89
Apr 2019,SA,7147.0,14
Apr 2019,VIC,107816.0,186
Apr 2019,WA,5813.0,13
Apr 2020,ACT,1361250.0,2675
Apr 2020,NSW,604452.0,1141
Apr 2020,NT,297.0,1
Apr 2020,QLD,67070.0,92
Apr 2020,SA,2229.0,6
Apr 2020,TAS,939.0,3
Apr 2020,VIC,93236.0,113
Apr 2020,WA,4604.0,14
Apr 2021,ACT,1208966.0,2637
Apr 2021,NSW,739363.0,1493
Apr 2021,NT,594.0,2
Apr 2021,QLD,34265.0,81
Apr 2021,SA,14028.0,31
Apr 2021,TAS,1212.0,4
Apr 2021,VIC,94834.0,190
Apr 2021,WA,5023.0,15
Apr 2022,ACT,2333760.0,5519
Apr 2022,NSW,2645955.0,5307
Apr 2022,NT,6744.0,16
Apr 2022,QLD,190120.0,372
Apr 2022,SA,47665.0,97
Apr 2022,TAS,12077.0,30
Apr 2022,VIC,461715.0,871
Apr 2022,WA,26114.0,59
Apr 2023,ACT,1547251.0,3448
Apr 2023,NSW,1369021.0,2613
Apr 2023,NT,4432.0,8
Apr 2023,QLD,102877.0,214
Apr 2023,SA,25172.0,45
Apr 2023,TAS,9765.0,20
Apr 2023,VIC,260604.0,476
Apr 2023,WA,17347.0,46
Apr 2024,ACT,3590863.0,5647
Apr 2024,NSW,2035075.0,2954
Apr 2024,NT,2684.0,4
Apr 2024,QLD,141604.0,224
Apr 2024,SA,55948.0,77
Apr 2024,TAS,6050.0,11
Apr 2024,VIC,327813.0,440
Apr 2024,WA,19626.0,43
Aug 2010,ACT,603097.0,2931
Aug 2010,ARM,1891.0,7
Aug 2010,NSW,368049.0,1859
Aug 2010,NT,716.0,4
Aug 2010,QLD,24029.0,118
Aug 2010,RAF,157.0,2
Aug 2010,SA,4729.0,30
Aug 2010,TAS,1215.0,7
Aug 2010,VIC,41922.0,225
Aug 2010,WA,5288.0,32
Aug 2011,ACT,543470.0,2813
Aug 2011,NSW,375829.0,1929
Aug 2011,NT,988.0,3
Aug 2011,QLD,29756.0,137
Aug 2011,SA,5091.0,29
Aug 2011,TAS,1458.0,9
Aug 2011,VIC,46350.0,236
Aug 2011,WA,3451.0,20
Aug 2012,ACT,584867.0,2936
Aug 2012,NSW,396953.0,1908
Aug 2012,NT,625.0,3
Aug 2012,QLD,27581.0,136
Aug 2012,SA,4684.0,26
Aug 2012,TAS,1293.0,7
Aug 2012,VIC,43219.0,221
Aug 2012,WA,2295.0,13
Aug 2013,ACT,685689.0,2934
Aug 2013,NSW,456158.0,1898
Aug 2013,NT,817.0,3
Aug 2013,QLD,27228.0,120
Aug 2013,SA,5151.0,24
Aug 2013,TAS,1624.0,8
Aug 2013,VIC,53963.0,220
Aug 2013,WA,4032.0,18
Aug 2014,ACT,569918.0,2285
Aug 2014,NSW,369050.0,1458
Aug 2014,NT,1290.0,6
Aug 2014,QLD,21210.0,90
Aug 2014,SA,2690.0,12
Aug 2014,TAS,1505.0,7
Aug 2014,VIC,45695.0,185
Aug 2014,WA,1830.0,8
Aug 2015,ACT,827508.0,3038
Aug 2015,NSW,586955.0,2093
Aug 2015,NT,472.0,2
Aug 2015,QLD,41230.0,150
Aug 2015,SA,5460.0,20
Aug 2015,TAS,1768.0,8
Aug 2015,VIC,51863.0,192
Aug 2015,WA,7697.0,22
Aug 2016,ACT,990377.0,3146
Aug 2016,NSW,632276.0,1986
Aug 2016,NT,257.0,2
Aug 2016,QLD,38197.0,116
Aug 2016,SA,9906.0,19
Aug 2016,TAS,2436.0,9
Aug 2016,VIC,64915.0,208
Aug 2016,WA,2978.0,11
Aug 2017,ACT,1156371.0,2892
Aug 2017,NSW,797960.0,1830
Aug 2017,NT,2912.0,8
Aug 2017,QLD,69882.0,130
Aug 2017,SA,6740.0,19
Aug 2017,TAS,514.0,2
Aug 2017,VIC,115766.0,209
Aug 2017,WA,8729.0,22
Aug 2018,ACT,1521956.0,3751
Aug 2018,NSW,1312412.0,2575
Aug 2018,NT,1434.0,2
Aug 2018,QLD,93012.0,152
Aug 2018,SA,29329.0,53
Aug 2018,TAS,3843.0,13
Aug 2018,VIC,168313.0,260
Aug 2018,WA,6364.0,19
Aug 2019,ACT,1427991.0,3370
Aug 2019,NSW,1139543.0,2319
Aug 2019,NT,876.0,3
Aug 2019,QLD,85512.0,162
Aug 2019,SA,9127.0,20
Aug 2019,TAS,876.0,3
Aug 2019,VIC,129766.0,215
Aug 2019,WA,3979.0,13
Aug 2020,ACT,1485843.0,3411
Aug 2020,NSW,1181307.0,2274
Aug 2020,NT,1839.0,4
Aug 2020,QLD,49625.0,96
Aug 2020,SA,8872.0,18
Aug 2020,TAS,2754.0,7
Aug 2020,VIC,81574.0,119
Aug 2020,WA,5868.0,16
Aug 2021,ACT,2985977.0,7096
Aug 2021,NSW,1098118.0,2082
Aug 2021,NT,3502.0,13
Aug 2021,QLD,110729.0,180
Aug 2021,SA,16418.0,34
Aug 2021,TAS,7224.0,24
Aug 2021,VIC,134360.0,269
Aug 2021,WA,9293.0,29
Aug 2022,ACT,2264837.0,4801
Aug 2022,NSW,2110865.0,3845
Aug 2022,NT,1909.0,3
Aug 2022,QLD,162243.0,285
Aug 2022,SA,28492.0,50
Aug 2022,TAS,7140.0,19
Aug 2022,VIC,290079.0,517
Aug 2022,WA,24921.0,40
Aug 2023,ACT,1494344.0,3281
Aug 2023,NSW,1031906.0,1990
Aug 2023,NT,2288.0,5
Aug 2023,QLD,68496.0,145
Aug 2023,SA,17771.0,28
Aug 2023,TAS,2300.0,6
Aug 2023,VIC,120151.0,237
Aug 2023,WA,4528.0,15
Aug 2024,ACT,2826648.0,4812
Aug 2024,NSW,1753012.0,2663
Aug 2024,NT,3106.0,5
Aug 2024,QLD,116388.0,176
Aug 2024,SA,44586.0,58
Aug 2024,TAS,4269.0,10
Aug 2024,VIC,215894.0,309
Aug 2024,WA,14929.0,27
Dec 2010,ACT,629771.0,3312
Dec 2010,NSW,392731.0,2035
Dec 2010,NT,942.0,8
Dec 2010,QLD,32644.0,155
Dec 2010,SA,7579.0,35
Dec 2010,TAS,901.0,5
Dec 2010,VIC,76350.0,353
Dec 2010,WA,4821.0,32
Dec 2011,ACT,563373.0,2959
Dec 2011,NSW,312157.0,1588
Dec 2011,NT,1669.0,3
Dec 2011,QLD,22488.0,133
Dec 2011,SA,4678.0,24
Dec 2011,TAS,1134.0,7
Dec 2011,VIC,57479.0,262
Dec 2011,WA,4492.0,24
Dec 2012,ACT,733239.0,3466
Dec 2012,NSW,386500.0,1890
Dec 2012,NT,334.0,2
Dec 2012,QLD,31248.0,141
Dec 2012,SA,4850.0,21
Dec 2012,TAS,1126.0,6
Dec 2012,VIC,56303.0,279
Dec 2012,WA,3326.0,16
Dec 2013,ACT,688853.0,2908
Dec 2013,NSW,399433.0,1679
Dec 2013,NT,746.0,3
Dec 2013,QLD,31309.0,138
Dec 2013,SA,3966.0,18
Dec 2013,TAS,3324.0,14
Dec 2013,VIC,66055.0,258
Dec 2013,WA,1761.0,8
Dec 2014,ACT,710740.0,2698
Dec 2014,NSW,344206.0,1390
Dec 2014,NT,1290.0,7
Dec 2014,QLD,32697.0,123
Dec 2014,SA,5560.0,24
Dec 2014,TAS,1005.0,4
Dec 2014,VIC,66715.0,206
Dec 2014,WA,3550.0,16
Dec 2015,ACT,862058.0,3113
Dec 2015,NSW,472210.0,1703
Dec 2015,NT,1728.0,4
Dec 2015,QLD,39422.0,139
Dec 2015,SA,6122.0,21
Dec 2015,TAS,2476.0,10
Dec 2015,VIC,71324.0,253
Dec 2015,WA,3846.0,16
Dec 2016,ACT,1256233.0,3334
Dec 2016,NSW,781950.0,1862
Dec 2016,NT,2941.0,6
Dec 2016,QLD,84042.0,156
Dec 2016,SA,7736.0,20
Dec 2016,TAS,3151.0,12
Dec 2016,VIC,120808.0,258
Dec 2016,WA,10183.0,31
Dec 2017,ACT,1195783.0,2867
Dec 2017,NSW,695272.0,1474
Dec 2017,NT,1547.0,5
Dec 2017,QLD,56550.0,111
Dec 2017,SA,8345.0,17
Dec 2017,TAS,3627.0,13
Dec 2017,VIC,121075.0,220
Dec 2017,WA,8636.0,23
Dec 2018,ACT,910028.0,2086
Dec 2018,NSW,570710.0,1116
Dec 2018,NT,292.0,1
Dec 2018,QLD,93573.0,103
Dec 2018,SA,6491.0,15
Dec 2018,TAS,5572.0,9
Dec 2018,VIC,94012.0,146
Dec 2018,WA,4631.0,15
Dec 2019,ACT,1612191.0,3501
Dec 2019,NSW,929324.0,1731
Dec 2019,NT,594.0,2
Dec 2019,QLD,71806.0,118
Dec 2019,SA,9327.0,20
Dec 2019,TAS,1509.0,5
Dec 2019,VIC,158340.0,257
Dec 2019,WA,3348.0,8
Dec 2020,ACT,1524873.0,3252
Dec 2020,NSW,692327.0,1365
Dec 2020,NT,915.0,3
Dec 2020,QLD,54070.0,102
Dec 2020,SA,11320.0,23
Dec 2020,TAS,1861.0,5
Dec 2020,VIC,128548.0,186
Dec 2020,WA,3933.0,13
Dec 2021,ACT,3504578.0,8454
Dec 2021,NSW,2895735.0,5898
Dec 2021,NT,4648.0,13
Dec 2021,QLD,172066.0,350
Dec 2021,SA,26578.0,65
Dec 2021,TAS,6557.0,17
Dec 2021,VIC,554151.0,1090
Dec 2021,WA,18645.0,43
Dec 2022,ACT,2171857.0,4651
Dec 2022,NSW,1620025.0,3072
Dec 2022,NT,4595.0,10
Dec 2022,QLD,164939.0,309
Dec 2022,SA,31586.0,56
Dec 2022,TAS,4390.0,11
Dec 2022,VIC,339540.0,592
Dec 2022,WA,15284.0,33
Dec 2023,ACT,1818506.0,3947
Dec 2023,NSW,1099339.0,2244
Dec 2023,NT,4030.0,8
Dec 2023,QLD,117280.0,244
Dec 2023,SA,27206.0,44
Dec 2023,TAS,3072.0,9
Dec 2023,VIC,219157.0,406
Dec 2023,WA,7420.0,23
Feb 2011,ACT,519732.0,2684
Feb 2011,NSW,296565.0,1515
Feb 2011,NT,314.0,2
Feb 2011,QLD,28739.0,137
Feb 2011,SA,5159.0,31
Feb 2011,TAS,1570.0,10
Feb 2011,VIC,46046.0,216
Feb 2011,WA,4763.0,28
Feb 2012,ACT,379613.0,1976
Feb 2012,NSW,210438.0,1131
Feb 2012,NT,1418.0,5
Feb 2012,QLD,15657.0,84
Feb 2012,SA,2774.0,16
Feb 2012,TAS,486.0,3
Feb 2012,VIC,81443.0,195
Feb 2012,WA,5140.0,28
Feb 2013,ACT,501965.0,2502
Feb 2013,NSW,313386.0,1479
Feb 2013,NT,1460.0,8
Feb 2013,QLD,23935.0,120
Feb 2013,SA,2933.0,17
Feb 2013,TAS,1665.0,7
Feb 2013,VIC,40675.0,217
Feb 2013,WA,5601.0,17
Feb 2014,ACT,511610.0,2136
Feb 2014,NSW,321910.0,1345
Feb 2014,NT,2602.0,6
Feb 2014,QLD,25846.0,107
Feb 2014,SA,6195.0,22
Feb 2014,TAS,1015.0,5
Feb 2014,VIC,43319.0,171
Feb 2014,WA,4061.0,12
Feb 2015,ACT,617281.0,2432
Feb 2015,NSW,361216.0,1397
Feb 2015,NT,1505.0,7
Feb 2015,QLD,22065.0,93
Feb 2015,SA,4520.0,20
Feb 2015,TAS,1655.0,6
Feb 2015,VIC,53495.0,208
Feb 2015,WA,4760.0,17
Feb 2016,ACT,700725.0,2546
Feb 2016,NSW,388757.0,1384
Feb 2016,NT,944.0,4
Feb 2016,QLD,44046.0,160
Feb 2016,SA,8176.0,29
Feb 2016,TAS,2393.0,9
Feb 2016,VIC,52919.0,205
Feb 2016,WA,7026.0,27
Feb 2017,ACT,1016154.0,2616
Feb 2017,NSW,644292.0,1409
Feb 2017,NT,1722.0,4
Feb 2017,QLD,65931.0,119
Feb 2017,SA,8687.0,17
Feb 2017,TAS,2369.0,7
Feb 2017,VIC,95484.0,194
Feb 2017,WA,13015.0,34
Feb 2018,ACT,1694432.0,3910
Feb 2018,NSW,928730.0,1929
Feb 2018,NT,3396.0,8
Feb 2018,QLD,100082.0,187
Feb 2018,SA,16070.0,24
Feb 2018,TAS,3779.0,13
Feb 2018,VIC,170510.0,304
Feb 2018,WA,11240.0,30
Feb 2019,ACT,1150588.0,2625
Feb 2019,NSW,757878.0,1427
Feb 2019,NT,1512.0,2
Feb 2019,QLD,64270.0,103
Feb 2019,SA,11490.0,25
Feb 2019,TAS,1483.0,5
Feb 2019,VIC,110568.0,170
Feb 2019,WA,4030.0,10
Feb 2020,ACT,1268572.0,2827
Feb 2020,NSW,838887.0,1599
Feb 2020,NT,774.0,4
Feb 2020,QLD,71966.0,132
Feb 2020,SA,8423.0,20
Feb 2020,TAS,3643.0,11
Feb 2020,VIC,123351.0,214
Feb 2020,WA,5562.0,15
Feb 2021,ACT,1437949.0,3371
Feb 2021,NSW,723952.0,1542
Feb 2021,NT,1806.0,6
Feb 2021,QLD,48740.0,101
Feb 2021,SA,8457.0,24
Feb 2021,TAS,3990.0,10
Feb 2021,VIC,157265.0,203
Feb 2021,WA,7452.0,15
Feb 2022,ACT,2483808.0,5761
Feb 2022,NSW,2485468.0,4735
Feb 2022,NT,4766.0,12
Feb 2022,QLD,244396.0,538
Feb 2022,SA,45687.0,98
Feb 2022,TAS,15122.0,37
Feb 2022,VIC,505382.0,965
Feb 2022,WA,19650.0,57
Feb 2023,ACT,1728427.0,3697
Feb 2023,NSW,1345363.0,2498
Feb 2023,NT,2216.0,5
Feb 2023,QLD,119716.0,214
Feb 2023,SA,33598.0,58
Feb 2023,TAS,10267.0,20
Feb 2023,VIC,201208.0,372
Feb 2023,WA,17471.0,39
Feb 2024,ACT,2658261.0,5071
Feb 2024,NSW,1338446.0,2548
Feb 2024,NT,2410.0,7
Feb 2024,QLD,132842.0,227
Feb 2024,SA,27719.0,48
Feb 2024,TAS,6208.0,13
Feb 2024,VIC,228144.0,371
Feb 2024,WA,10266.0,31
Jan 2011,ACT,533390.0,2838
Jan 2011,NSW,343121.0,1785
Jan 2011,NT,1803.0,7
Jan 2011,QLD,31187.0,169
Jan 2011,SA,5110.0,26
Jan 2011,TAS,1331.0,7
Jan 2011,VIC,61419.0,330
Jan 2011,WA,6120.0,37
Jan 2012,ACT,438011.0,2361
Jan 2012,NSW,289402.0,1459
Jan 2012,NT,1580.0,6
Jan 2012,QLD,22325.0,120
Jan 2012,SA,5355.0,28
Jan 2012,TAS,1094.0,3
Jan 2012,VIC,60185.0,333
Jan 2012,WA,2770.0,14
Jan 2013,ACT,581824.0,2919
Jan 2013,NSW,345097.0,1736
Jan 2013,NT,668.0,4
Jan 2013,QLD,32924.0,166
Jan 2013,SA,5185.0,29
Jan 2013,TAS,1711.0,5
Jan 2013,VIC,63446.0,319
Jan 2013,WA,4059.0,24
Jan 2014,ACT,617766.0,2385
Jan 2014,NSW,332598.0,1440
Jan 2014,NT,1119.0,5
Jan 2014,QLD,30799.0,124
Jan 2014,SA,6216.0,25
Jan 2014,TAS,1119.0,6
Jan 2014,VIC,64367.0,274
Jan 2014,WA,4537.0,21
Jan 2015,ACT,583417.0,2329
Jan 2015,NSW,342785.0,1390
Jan 2015,NT,1220.0,5
Jan 2015,QLD,26465.0,109
Jan 2015,SA,4650.0,18
Jan 2015,TAS,1760.0,7
Jan 2015,VIC,59305.0,253
Jan 2015,WA,2580.0,12
Jan 2016,ACT,700749.0,2385
Jan 2016,NSW,395573.0,1430
Jan 2016,NT,861.0,3
Jan 2016,QLD,28500.0,105
Jan 2016,SA,5933.0,25
Jan 2016,TAS,236.0,1
Jan 2016,VIC,61994.0,237
Jan 2016,WA,5105.0,20
Jan 2017,ACT,974708.0,2514
Jan 2017,NSW,624698.0,1469
Jan 2017,NT,1979.0,4
Jan 2017,QLD,65627.0,123
Jan 2017,SA,9279.0,21
Jan 2017,TAS,1609.0,5
Jan 2017,VIC,157621.0,277
Jan 2017,WA,7204.0,20
Jan 2018,ACT,973009.0,2356
Jan 2018,NSW,625829.0,1397
Jan 2018,NT,6828.0,8
Jan 2018,QLD,51299.0,110
Jan 2018,SA,5749.0,16
Jan 2018,TAS,3731.0,9
Jan 2018,VIC,112295.0,216
Jan 2018,WA,9140.0,22
Jan 2019,ACT,1029534.0,2492
Jan 2019,NSW,691344.0,1429
Jan 2019,NT,1220.0,1
Jan 2019,QLD,59173.0,122
Jan 2019,SA,11095.0,23
Jan 2019,TAS,1168.0,4
Jan 2019,VIC,135245.0,230
Jan 2019,WA,7586.0,19
Jan 2020,ACT,905750.0,2075
Jan 2020,NSW,590144.0,1235
Jan 2020,NT,1923.0,6
Jan 2020,QLD,41246.0,74
Jan 2020,SA,9249.0,18
Jan 2020,TAS,2814.0,9
Jan 2020,VIC,105620.0,212
Jan 2020,WA,5731.0,15
Jan 2021,ACT,1363827.0,2839
Jan 2021,NSW,641032.0,1293
Jan 2021,NT,4116.0,7
Jan 2021,QLD,50111.0,94
Jan 2021,SA,7440.0,15
Jan 2021,TAS,1188.0,4
Jan 2021,VIC,74033.0,124
Jan 2021,WA,1375.0,4
Jan 2022,ACT,2640604.0,6370
Jan 2022,NSW,2829826.0,5786
Jan 2022,NT,6984.0,21
Jan 2022,QLD,194401.0,386
Jan 2022,SA,45510.0,100
Jan 2022,TAS,7367.0,24
Jan 2022,VIC,643621.0,1281
Jan 2022,WA,18325.0,54
Jan 2023,ACT,1795412.0,3784
Jan 2023,NSW,1455404.0,2881
Jan 2023,NT,10466.0,20
Jan 2023,QLD,127945.0,260
Jan 2023,SA,47263.0,85
Jan 2023,TAS,9053.0,25
Jan 2023,VIC,396214.0,725
Jan 2023,WA,9971.0,33
Jan 2024,ACT,1537290.0,3277
Jan 2024,NSW,1252011.0,2325
Jan 2024,NT,6548.0,11
Jan 2024,QLD,139005.0,265
Jan 2024,SA,43426.0,64
Jan 2024,TAS,7496.0,20
Jan 2024,VIC,277245.0,543
Jan 2024,WA,23630.0,37
Jul 2010,ACT,567826.0,2988
Jul 2010,ARM,157.0,1
Jul 2010,FED,157.0,1
Jul 2010,NSW,367060.0,1909
Jul 2010,NT,1099.0,7
Jul 2010,QLD,25189.0,120
Jul 2010,SA,6497.0,33
Jul 2010,TAS,1058.0,6
Jul 2010,VIC,53817.0,277
Jul 2010,WA,4827.0,27
Jul 2011,ACT,577265.0,2965
Jul 2011,NSW,416508.0,2060
Jul 2011,QLD,24854.0,138
Jul 2011,SA,6629.0,34
Jul 2011,TAS,1254.0,7
Jul 2011,VIC,58925.0,287
Jul 2011,WA,6578.0,28
Jul 2012,ACT,623197.0,3066
Jul 2012,NSW,385365.0,1903
Jul 2012,NT,1002.0,6
Jul 2012,QLD,23266.0,122
Jul 2012,SA,3682.0,21
Jul 2012,TAS,1430.0,8
Jul 2012,VIC,55576.0,256
Jul 2012,WA,3682.0,20
Jul 2013,ACT,626911.0,2676
Jul 2013,NSW,420868.0,1756
Jul 2013,NT,609.0,3
Jul 2013,QLD,31698.0,124
Jul 2013,SA,4773.0,23
Jul 2013,TAS,1596.0,6
Jul 2013,VIC,59716.0,258
Jul 2013,WA,4240.0,18
Jul 2014,ACT,545674.0,2378
Jul 2014,NSW,351763.0,1500
Jul 2014,NT,3084.0,9
Jul 2014,QLD,22960.0,102
Jul 2014,SA,5602.0,19
Jul 2014,TAS,1624.0,8
Jul 2014,VIC,54886.0,208
Jul 2014,WA,2979.0,14
Jul 2015,ACT,708281.0,2616
Jul 2015,NSW,468858.0,1835
Jul 2015,NT,215.0,1
Jul 2015,QLD,28150.0,121
Jul 2015,SA,7215.0,31
Jul 2015,TAS,2225.0,9
Jul 2015,VIC,53313.0,209
Jul 2015,WA,3910.0,18
Jul 2016,ACT,829635.0,2854
Jul 2016,NSW,553519.0,1898
Jul 2016,NT,1590.0,7
Jul 2016,QLD,33891.0,120
Jul 2016,SA,9011.0,29
Jul 2016,TAS,986.0,4
Jul 2016,VIC,65188.0,223
Jul 2016,WA,8481.0,26
Jul 2017,ACT,1063598.0,2716
Jul 2017,NSW,835821.0,1940
Jul 2017,NT,3042.0,3
Jul 2017,QLD,78597.0,130
Jul 2017,SA,10105.0,26
Jul 2017,TAS,1788.0,7
Jul 2017,VIC,108134.0,193
Jul 2017,WA,4224.0,17
Jul 2018,ACT,1419489.0,3513
Jul 2018,NSW,1337262.0,2636
Jul 2018,NT,451.0,1
Jul 2018,QLD,91431.0,155
Jul 2018,SA,13390.0,36
Jul 2018,TAS,3838.0,10
Jul 2018,VIC,181467.0,314
Jul 2018,WA,9673.0,26
Jul 2019,ACT,1355080.0,3313
Jul 2019,NSW,1206551.0,2382
Jul 2019,NT,2278.0,4
Jul 2019,QLD,109229.0,130
Jul 2019,SA,9867.0,24
Jul 2019,TAS,1620.0,5
Jul 2019,VIC,119601.0,224
Jul 2019,WA,6843.0,17
Jul 2020,ACT,1406354.0,3321
Jul 2020,NSW,1074764.0,2093
Jul 2020,NT,1839.0,3
Jul 2020,QLD,58089.0,110
Jul 2020,SA,13959.0,21
Jul 2020,TAS,1329.0,4
Jul 2020,VIC,107560.0,160
Jul 2020,WA,8628.0,21
Jul 2021,ACT,8365719.0,20493
Jul 2021,NSW,2811035.0,5560
Jul 2021,NT,13784.0,36
Jul 2021,QLD,210982.0,465
Jul 2021,SA,33721.0,78
Jul 2021,TAS,15762.0,39
Jul 2021,VIC,331778.0,657
Jul 2021,WA,37830.0,115
Jul 2022,ACT,2392663.0,4980
Jul 2022,NSW,2735963.0,4989
Jul 2022,NT,1535.0,5
Jul 2022,QLD,169008.0,294
Jul 2022,SA,39903.0,72
Jul 2022,TAS,8423.0,21
Jul 2022,VIC,308613.0,541
Jul 2022,WA,20055.0,47
Jul 2023,ACT,1594571.0,3231
Jul 2023,NSW,1404365.0,2428
Jul 2023,NT,2288.0,4
Jul 2023,QLD,91150.0,149
Jul 2023,SA,25756.0,36
Jul 2023,TAS,4063.0,9
Jul 2023,VIC,170441.0,252
Jul 2023,WA,7258.0,13
Jul 2024,ACT,2918204.0,4588
Jul 2024,NSW,1676804.0,2348
Jul 2024,NT,1884.0,4
Jul 2024,QLD,105106.0,149
Jul 2024,SA,24246.0,34
Jul 2024,TAS,7898.0,9
Jul 2024,VIC,196506.0,266
Jul 2024,WA,11414.0,17
Jun 2011,ACT,489773.0,2590
Jun 2011,NSW,298864.0,1547
Jun 2011,NT,785.0,5
Jun 2011,QLD,23510.0,112
Jun 2011,SA,3903.0,23
Jun 2011,TAS,1372.0,8
Jun 2011,VIC,40382.0,200
Jun 2011,WA,3815.0,23
Jun 2012,ACT,512627.0,2625
Jun 2012,NSW,293602.0,1474
Jun 2012,NT,486.0,4
Jun 2012,QLD,22967.0,118
Jun 2012,SA,4150.0,20
Jun 2012,TAS,2035.0,12
Jun 2012,VIC,49000.0,232
Jun 2012,WA,3247.0,18
Jun 2013,ACT,487472.0,2454
Jun 2013,NSW,321289.0,1487
Jun 2013,NT,334.0,2
Jun 2013,QLD,23248.0,116
Jun 2013,SA,2025.0,11
Jun 2013,TAS,1627.0,9
Jun 2013,VIC,42004.0,204
Jun 2013,WA,4393.0,25
Jun 2014,ACT,535142.0,2283
Jun 2014,NSW,301093.0,1269
Jun 2014,NT,746.0,3
Jun 2014,QLD,16277.0,70
Jun 2014,SA,5395.0,15
Jun 2014,TAS,1015.0,5
Jun 2014,VIC,34641.0,148
Jun 2014,WA,2337.0,11
Jun 2015,ACT,704862.0,2735
Jun 2015,NSW,418026.0,1593
Jun 2015,NT,790.0,3
Jun 2015,QLD,24771.0,96
Jun 2015,SA,5920.0,25
Jun 2015,TAS,2480.0,10
Jun 2015,VIC,46485.0,189
Jun 2015,WA,4075.0,15
Jun 2016,ACT,865154.0,3109
Jun 2016,NSW,452265.0,1598
Jun 2016,NT,1180.0,5
Jun 2016,QLD,27479.0,111
Jun 2016,SA,4595.0,15
Jun 2016,TAS,1569.0,6
Jun 2016,VIC,53985.0,191
Jun 2016,WA,4401.0,18
Jun 2017,ACT,1095132.0,2891
Jun 2017,NSW,692928.0,1577
Jun 2017,QLD,51265.0,111
Jun 2017,SA,9032.0,22
Jun 2017,TAS,3007.0,8
Jun 2017,VIC,116009.0,198
Jun 2017,WA,6249.0,15
Jun 2018,ACT,1594264.0,3874
Jun 2018,NSW,1120928.0,2346
Jun 2018,NT,279.0,1
Jun 2018,QLD,65362.0,142
Jun 2018,SA,12141.0,22
Jun 2018,TAS,4122.0,10
Jun 2018,VIC,155563.0,287
Jun 2018,WA,13402.0,31
Jun 2019,ACT,1352938.0,3225
Jun 2019,NSW,910698.0,1985
Jun 2019,NT,315.0,1
Jun 2019,QLD,57070.0,124
Jun 2019,SA,7997.0,19
Jun 2019,TAS,292.0,1
Jun 2019,VIC,107112.0,204
Jun 2019,WA,7276.0,18
Jun 2020,ACT,1289387.0,2943
Jun 2020,NSW,789419.0,1511
Jun 2020,NT,2433.0,5
Jun 2020,QLD,42237.0,96
Jun 2020,SA,17157.0,27
Jun 2020,TAS,3097.0,8
Jun 2020,VIC,118277.0,191
Jun 2020,WA,6294.0,21
Jun 2021,ACT,1265615.0,2884
Jun 2021,NSW,866781.0,1690
Jun 2021,NT,594.0,3
Jun 2021,QLD,40635.0,78
Jun 2021,SA,14700.0,23
Jun 2021,TAS,5101.0,10
Jun 2021,VIC,90723.0,167
Jun 2021,WA,6330.0,14
Jun 2022,ACT,2376387.0,5304
Jun 2022,NSW,2251247.0,4123
Jun 2022,NT,2168.0,4
Jun 2022,QLD,184324.0,329
Jun 2022,SA,22679.0,44
Jun 2022,TAS,10006.0,23
Jun 2022,VIC,344938.0,593
Jun 2022,WA,20745.0,55
Jun 2023,ACT,1596057.0,3390
Jun 2023,NSW,1229740.0,2127
Jun 2023,NT,1116.0,3
Jun 2023,QLD,112911.0,204
Jun 2023,SA,23578.0,39
Jun 2023,TAS,5678.0,14
Jun 2023,VIC,186847.0,292
Jun 2023,WA,11093.0,26
Jun 2024,ACT,2758292.0,4564
Jun 2024,NSW,1393147.0,2065
Jun 2024,NT,1344.0,3
Jun 2024,QLD,97460.0,153
Jun 2024,SA,30335.0,36
Jun 2024,TAS,1606.0,5
Jun 2024,VIC,180250.0,256
Jun 2024,WA,6664.0,13
Mar 2011,ACT,577028.0,3050
Mar 2011,NSW,352137.0,1822
Mar 2011,NT,1372.0,8
Mar 2011,QLD,29292.0,162
Mar 2011,SA,6600.0,40
Mar 2011,TAS,1570.0,10
Mar 2011,VIC,50068.0,258
Mar 2011,WA,3903.0,24
Mar 2012,ACT,514717.0,2696
Mar 2012,NSW,307624.0,1557
Mar 2012,NT,1416.0,8
Mar 2012,QLD,28150.0,145
Mar 2012,SA,6305.0,29
Mar 2012,TAS,972.0,6
Mar 2012,VIC,56694.0,259
Mar 2012,WA,3200.0,16
Mar 2013,ACT,578488.0,2816
Mar 2013,NSW,332514.0,1614
Mar 2013,NT,668.0,4
Mar 2013,QLD,20050.0,95
Mar 2013,SA,4431.0,24
Mar 2013,TAS,792.0,4
Mar 2013,VIC,52951.0,267
Mar 2013,WA,3528.0,20
Mar 2014,ACT,597481.0,2501
Mar 2014,NSW,355224.0,1466
Mar 2014,NT,307.0,1
Mar 2014,QLD,26145.0,114
Mar 2014,SA,5777.0,22
Mar 2014,TAS,1827.0,9
Mar 2014,VIC,41848.0,182
Mar 2014,WA,6419.0,26
Mar 2015,ACT,757954.0,2994
Mar 2015,NSW,397161.0,1565
Mar 2015,NT,1600.0,4
Mar 2015,QLD,27666.0,108
Mar 2015,SA,5135.0,20
Mar 2015,TAS,1400.0,6
Mar 2015,VIC,53749.0,209
Mar 2015,WA,4090.0,18
Mar 2016,ACT,809061.0,2916
Mar 2016,NSW,467592.0,1662
Mar 2016,NT,944.0,4
Mar 2016,QLD,43655.0,165
Mar 2016,SA,7262.0,28
Mar 2016,TAS,2583.0,9
Mar 2016,VIC,67241.0,250
Mar 2016,WA,7386.0,31
Mar 2017,ACT,1413845.0,3548
Mar 2017,NSW,776964.0,1678
Mar 2017,NT,4663.0,9
Mar 2017,QLD,67828.0,134
Mar 2017,SA,11512.0,33
Mar 2017,TAS,3108.0,6
Mar 2017,VIC,122769.0,251
Mar 2017,WA,13865.0,30
Mar 2018,ACT,1764118.0,4281
Mar 2018,NSW,1089030.0,2307
Mar 2018,NT,9704.0,12
Mar 2018,QLD,91729.0,210
Mar 2018,SA,18095.0,39
Mar 2018,TAS,3000.0,9
Mar 2018,VIC,197908.0,351
Mar 2018,WA,14741.0,42
Mar 2019,ACT,1269234.0,2959
Mar 2019,NSW,843913.0,1591
Mar 2019,NT,2388.0,5
Mar 2019,QLD,56269.0,110
Mar 2019,SA,8034.0,19
Mar 2019,TAS,2090.0,7
Mar 2019,VIC,112617.0,194
Mar 2019,WA,5192.0,17
Mar 2020,ACT,1571584.0,3439
Mar 2020,NSW,991875.0,1734
Mar 2020,NT,7119.0,8
Mar 2020,QLD,88186.0,150
Mar 2020,SA,9439.0,14
Mar 2020,TAS,4782.0,9
Mar 2020,VIC,155288.0,232
Mar 2020,WA,8017.0,22
Mar 2021,ACT,1446704.0,3338
Mar 2021,NSW,802726.0,1663
Mar 2021,NT,1720.0,5
Mar 2021,QLD,70529.0,138
Mar 2021,SA,15340.0,32
Mar 2021,TAS,4278.0,13
Mar 2021,VIC,109790.0,223
Mar 2021,WA,10891.0,26
Mar 2022,ACT,2379142.0,6518
Mar 2022,NSW,1922227.0,5013
Mar 2022,NT,7370.0,19
Mar 2022,QLD,144067.0,372
Mar 2022,SA,32744.0,90
Mar 2022,TAS,9355.0,31
Mar 2022,VIC,292051.0,750
Mar 2022,WA,10550.0,31
Mar 2023,ACT,1812691.0,3887
Mar 2023,NSW,1373652.0,2529
Mar 2023,NT,5065.0,7
Mar 2023,QLD,126890.0,235
Mar 2023,SA,27229.0,52
Mar 2023,TAS,4381.0,13
Mar 2023,VIC,235731.0,403
Mar 2023,WA,8841.0,28
Mar 2024,ACT,4538655.0,7463
Mar 2024,NSW,2256615.0,3607
Mar 2024,NT,4622.0,7
Mar 2024,QLD,203835.0,312
Mar 2024,SA,41544.0,64
Mar 2024,TAS,7653.0,19
Mar 2024,VIC,365813.0,551
Mar 2024,WA,21075.0,46
May 2011,ACT,528611.0,2815
May 2011,NSW,330439.0,1600
May 2011,NT,1978.0,10
May 2011,QLD,22543.0,127
May 2011,SA,2675.0,15
May 2011,TAS,1413.0,9
May 2011,VIC,41817.0,206
May 2011,WA,2914.0,18
May 2012,ACT,544383.0,2800
May 2012,NSW,336300.0,1710
May 2012,NT,1256.0,4
May 2012,QLD,23476.0,131
May 2012,SA,4614.0,27
May 2012,TAS,1578.0,9
May 2012,VIC,43246.0,218
May 2012,WA,5599.0,34
May 2013,ACT,552033.0,2729
May 2013,NSW,318568.0,1517
May 2013,NT,458.0,2
May 2013,QLD,27096.0,114
May 2013,SA,6819.0,23
May 2013,TAS,3351.0,15
May 2013,VIC,38775.0,178
May 2013,WA,3354.0,12
May 2014,ACT,577503.0,2380
May 2014,NSW,308078.0,1308
May 2014,NT,1218.0,6
May 2014,QLD,20123.0,84
May 2014,SA,5142.0,14
May 2014,TAS,2271.0,10
May 2014,VIC,41634.0,182
May 2014,WA,3796.0,17
May 2015,ACT,750086.0,2799
May 2015,NSW,400711.0,1550
May 2015,NT,1725.0,8
May 2015,QLD,24264.0,96
May 2015,SA,16621.0,34
May 2015,TAS,3035.0,10
May 2015,VIC,38775.0,148
May 2015,WA,5375.0,25
May 2016,ACT,998528.0,3545
May 2016,NSW,491987.0,1725
May 2016,NT,352.0,1
May 2016,QLD,29115.0,99
May 2016,SA,3652.0,15
May 2016,TAS,2004.0,8
May 2016,VIC,55660.0,204
May 2016,WA,7961.0,30
May 2017,ACT,1161158.0,3037
May 2017,NSW,660177.0,1552
May 2017,NT,2550.0,3
May 2017,QLD,47753.0,95
May 2017,SA,18355.0,26
May 2017,TAS,3046.0,8
May 2017,VIC,93357.0,195
May 2017,WA,8355.0,24
May 2018,ACT,1757963.0,4262
May 2018,NSW,1086275.0,2176
May 2018,NT,301.0,1
May 2018,QLD,110795.0,183
May 2018,SA,16306.0,27
May 2018,TAS,4216.0,12
May 2018,VIC,143408.0,252
May 2018,WA,14438.0,41
May 2019,ACT,1401170.0,3356
May 2019,NSW,816752.0,1669
May 2019,NT,6131.0,6
May 2019,QLD,57675.0,124
May 2019,SA,9678.0,27
May 2019,TAS,3424.0,8
May 2019,VIC,112700.0,204
May 2019,WA,6091.0,20
May 2020,ACT,1387433.0,2989
May 2020,NSW,772932.0,1387
May 2020,NT,1566.0,2
May 2020,QLD,52813.0,103
May 2020,SA,11437.0,17
May 2020,TAS,3351.0,7
May 2020,VIC,100840.0,149
May 2020,WA,4580.0,14
May 2021,ACT,1356725.0,3030
May 2021,NSW,749110.0,1450
May 2021,NT,2220.0,7
May 2021,QLD,42215.0,87
May 2021,SA,8736.0,16
May 2021,TAS,1533.0,5
May 2021,VIC,106921.0,224
May 2021,WA,7894.0,21
May 2022,ACT,2489443.0,5682
May 2022,NSW,2098728.0,4132
May 2022,NT,7876.0,16
May 2022,QLD,146760.0,301
May 2022,SA,37435.0,69
May 2022,TAS,8633.0,25
May 2022,VIC,274015.0,546
May 2022,WA,19487.0,45
May 2023,ACT,1772946.0,3632
May 2023,NSW,1340633.0,2373
May 2023,NT,4645.0,8
May 2023,QLD,117106.0,201
May 2023,SA,26002.0,47
May 2023,TAS,8409.0,23
May 2023,VIC,193397.0,340
May 2023,WA,12873.0,31
May 2024,ACT,3539775.0,5718
May 2024,NSW,1960695.0,2819
May 2024,NT,3291.0,4
May 2024,QLD,154040.0,219
May 2024,SA,35836.0,53
May 2024,TAS,9714.0,19
May 2024,VIC,286824.0,367
May 2024,WA,17815.0,34
Nov 2010,ACT,568523.0,2908
Nov 2010,NSW,362077.0,1867
Nov 2010,NT,942.0,6
Nov 2010,QLD,19164.0,104
Nov 2010,SA,4776.0,28
Nov 2010,TAS,1972.0,12
Nov 2010,VIC,56834.0,278
Nov 2010,WA,5940.0,26
Nov 2011,ACT,620003.0,3199
Nov 2011,NSW,329697.0,1708
Nov 2011,NT,2462.0,7
Nov 2011,QLD,23072.0,121
Nov 2011,SA,5464.0,24
Nov 2011,TAS,2967.0,14
Nov 2011,VIC,52119.0,253
Nov 2011,WA,4423.0,26
Nov 2012,ACT,636667.0,3227
Nov 2012,NSW,381784.0,1888
Nov 2012,NT,334.0,2
Nov 2012,QLD,20330.0,105
Nov 2012,SA,5355.0,27
Nov 2012,TAS,1918.0,10
Nov 2012,VIC,48366.0,230
Nov 2012,WA,3006.0,18
Nov 2013,ACT,627453.0,2662
Nov 2013,NSW,376367.0,1567
Nov 2013,NT,1015.0,5
Nov 2013,QLD,32002.0,101
Nov 2013,SA,4098.0,20
Nov 2013,TAS,1218.0,6
Nov 2013,VIC,49469.0,210
Nov 2013,WA,2507.0,11
Nov 2014,ACT,727079.0,2923
Nov 2014,NSW,400097.0,1553
Nov 2014,NT,1170.0,2
Nov 2014,QLD,25655.0,109
Nov 2014,SA,4950.0,21
Nov 2014,TAS,2120.0,8
Nov 2014,VIC,44280.0,172
Nov 2014,WA,4075.0,15
Nov 2015,ACT,867472.0,3120
Nov 2015,NSW,439860.0,1634
Nov 2015,NT,1180.0,5
Nov 2015,QLD,34604.0,118
Nov 2015,SA,4856.0,17
Nov 2015,TAS,3018.0,11
Nov 2015,VIC,63506.0,235
Nov 2015,WA,6870.0,24
Nov 2016,ACT,1237666.0,3468
Nov 2016,NSW,690646.0,1718
Nov 2016,NT,894.0,3
Nov 2016,QLD,64758.0,144
Nov 2016,SA,7415.0,22
Nov 2016,TAS,1922.0,7
Nov 2016,VIC,118128.0,245
Nov 2016,WA,8602.0,27
Nov 2017,ACT,1398386.0,3200
Nov 2017,NSW,746754.0,1520
Nov 2017,NT,2014.0,4
Nov 2017,QLD,46922.0,81
Nov 2017,SA,9033.0,19
Nov 2017,TAS,1002.0,3
Nov 2017,VIC,125903.0,223
Nov 2017,WA,12868.0,20
Nov 2018,ACT,1351861.0,3171
Nov 2018,NSW,877262.0,1659
Nov 2018,NT,2555.0,2
Nov 2018,QLD,65849.0,101
Nov 2018,SA,9002.0,16
Nov 2018,TAS,4023.0,8
Nov 2018,VIC,95597.0,196
Nov 2018,WA,13950.0,27
Nov 2019,ACT,1415381.0,3290
Nov 2019,NSW,767927.0,1603
Nov 2019,NT,3568.0,5
Nov 2019,QLD,61529.0,123
Nov 2019,SA,7164.0,19
Nov 2019,TAS,1971.0,6
Nov 2019,VIC,111086.0,197
Nov 2019,WA,4723.0,12
Nov 2020,ACT,1526207.0,3315
Nov 2020,NSW,721707.0,1600
Nov 2020,NT,477.0,1
Nov 2020,QLD,43010.0,96
Nov 2020,SA,7679.0,12
Nov 2020,TAS,2721.0,9
Nov 2020,VIC,74868.0,128
Nov 2020,WA,5399.0,13
Nov 2021,ACT,3583830.0,8535
Nov 2021,NSW,2622724.0,5046
Nov 2021,NT,2757.0,9
Nov 2021,QLD,121227.0,264
Nov 2021,SA,29342.0,49
Nov 2021,TAS,6621.0,18
Nov 2021,VIC,310881.0,605
Nov 2021,WA,18127.0,44
Nov 2022,ACT,2371485.0,4914
Nov 2022,NSW,1782193.0,3226
Nov 2022,NT,4434.0,8
Nov 2022,QLD,144129.0,260
Nov 2022,SA,31729.0,48
Nov 2022,TAS,5653.0,14
Nov 2022,VIC,273200.0,447
Nov 2022,WA,15901.0,36
Nov 2023,ACT,1691067.0,3719
Nov 2023,NSW,1009237.0,2100
Nov 2023,NT,1922.0,6
Nov 2023,QLD,97430.0,204
Nov 2023,SA,27644.0,50
Nov 2023,TAS,7767.0,20
Nov 2023,VIC,135956.0,286
Nov 2023,WA,14231.0,25
Oct 2010,ACT,563811.0,3005
Oct 2010,NSW,361981.0,1869
Oct 2010,NT,1008.0,4
Oct 2010,QLD,32252.0,144
Oct 2010,SA,4578.0,27
Oct 2010,TAS,2873.0,17
Oct 2010,VIC,46181.0,273
Oct 2010,WA,6520.0,34
Oct 2011,ACT,583497.0,3027
Oct 2011,NSW,370196.0,1888
Oct 2011,NT,1953.0,7
Oct 2011,QLD,25621.0,132
Oct 2011,SA,5464.0,24
Oct 2011,TAS,1944.0,12
Oct 2011,VIC,55624.0,302
Oct 2011,WA,6261.0,34
Oct 2012,ACT,617573.0,3154
Oct 2012,NSW,371273.0,1772
Oct 2012,NT,501.0,3
Oct 2012,QLD,31993.0,152
Oct 2012,SA,5937.0,29
Oct 2012,TAS,959.0,5
Oct 2012,VIC,43479.0,221
Oct 2012,WA,3630.0,18
Oct 2013,ACT,693204.0,2971
Oct 2013,NSW,398876.0,1650
Oct 2013,NT,1152.0,5
Oct 2013,QLD,29512.0,116
Oct 2013,SA,9286.0,27
Oct 2013,TAS,2436.0,12
Oct 2013,VIC,62726.0,233
Oct 2013,WA,4724.0,18
Oct 2014,ACT,621971.0,2462
Oct 2014,NSW,322827.0,1251
Oct 2014,NT,1185.0,5
Oct 2014,QLD,19585.0,79
Oct 2014,SA,6980.0,20
Oct 2014,TAS,1309.0,4
Oct 2014,VIC,39899.0,164
Oct 2014,WA,2940.0,14
Oct 2015,ACT,787438.0,2801
Oct 2015,NSW,427184.0,1523
Oct 2015,NT,625.0,2
Oct 2015,QLD,26684.0,100
Oct 2015,SA,4484.0,19
Oct 2015,TAS,1569.0,6
Oct 2015,VIC,53553.0,206
Oct 2015,WA,6511.0,19
Oct 2016,ACT,1055288.0,3153
Oct 2016,NSW,541392.0,1636
Oct 2016,NT,771.0,3
Oct 2016,QLD,41810.0,130
Oct 2016,SA,6956.0,25
Oct 2016,TAS,5126.0,10
Oct 2016,VIC,74349.0,212
Oct 2016,WA,10191.0,36
Oct 2017,ACT,1266371.0,2970
Oct 2017,NSW,745662.0,1431
Oct 2017,NT,3722.0,6
Oct 2017,QLD,50112.0,107
Oct 2017,SA,9039.0,22
Oct 2017,TAS,3093.0,9
Oct 2017,VIC,156378.0,230
Oct 2017,WA,10054.0,19
Oct 2018,ACT,1220418.0,2920
Oct 2018,NSW,767258.0,1506
Oct 2018,NT,584.0,2
Oct 2018,QLD,68477.0,103
Oct 2018,SA,17453.0,28
Oct 2018,TAS,1396.0,4
Oct 2018,VIC,108330.0,181
Oct 2018,WA,7500.0,18
Oct 2019,ACT,1376762.0,3118
Oct 2019,NSW,876164.0,1713
Oct 2019,NT,1512.0,2
Oct 2019,QLD,54116.0,111
Oct 2019,SA,19207.0,42
Oct 2019,TAS,3783.0,6
Oct 2019,VIC,119275.0,214
Oct 2019,WA,5578.0,14
Oct 2020,ACT,1764438.0,3611
Oct 2020,NSW,867972.0,1814
Oct 2020,NT,3501.0,5
Oct 2020,QLD,41609.0,84
Oct 2020,SA,8033.0,14
Oct 2020,TAS,1806.0,6
Oct 2020,VIC,64628.0,101
Oct 2020,WA,3913.0,6
Oct 2021,ACT,3399807.0,8072
Oct 2021,NSW,1226946.0,2474
Oct 2021,NT,4035.0,10
Oct 2021,QLD,99953.0,211
Oct 2021,SA,11183.0,22
Oct 2021,TAS,7826.0,27
Oct 2021,VIC,120998.0,267
Oct 2021,WA,13443.0,43
Oct 2022,ACT,2121874.0,4566
Oct 2022,NSW,2008427.0,3878
Oct 2022,NT,3818.0,8
Oct 2022,QLD,144551.0,266
Oct 2022,SA,41692.0,70
Oct 2022,TAS,4445.0,14
Oct 2022,VIC,298823.0,523
Oct 2022,WA,9000.0,22
Oct 2023,ACT,1759205.0,3763
Oct 2023,NSW,1034275.0,2192
Oct 2023,QLD,78389.0,170
Oct 2023,SA,24716.0,54
Oct 2023,TAS,7042.0,18
Oct 2023,VIC,136719.0,282
Oct 2023,WA,23198.0,46
Sep 2010,ACT,575876.0,2920
Sep 2010,NSW,339942.0,1809
Sep 2010,NT,628.0,5
Sep 2010,QLD,29899.0,136
Sep 2010,SA,5690.0,34
Sep 2010,TAS,1344.0,8
Sep 2010,VIC,47660.0,271
Sep 2010,WA,4747.0,19
Sep 2011,ACT,528930.0,2762
Sep 2011,NSW,359335.0,1818
Sep 2011,NT,1063.0,6
Sep 2011,QLD,29259.0,143
Sep 2011,SA,4501.0,25
Sep 2011,TAS,901.0,5
Sep 2011,VIC,45740.0,236
Sep 2011,WA,3613.0,21
Sep 2012,ACT,654852.0,3217
Sep 2012,NSW,415480.0,2014
Sep 2012,NT,959.0,5
Sep 2012,QLD,28690.0,144
Sep 2012,SA,4778.0,26
Sep 2012,TAS,1002.0,6
Sep 2012,VIC,49582.0,267
Sep 2012,WA,7695.0,23
Sep 2013,ACT,632446.0,2667
Sep 2013,NSW,393617.0,1636
Sep 2013,NT,949.0,4
Sep 2013,QLD,25254.0,97
Sep 2013,SA,5925.0,28
Sep 2013,TAS,1476.0,5
Sep 2013,VIC,52405.0,211
Sep 2013,WA,4691.0,18
Sep 2014,ACT,628050.0,2481
Sep 2014,NSW,366959.0,1472
Sep 2014,NT,540.0,2
Sep 2014,QLD,21579.0,85
Sep 2014,SA,4875.0,14
Sep 2014,TAS,3270.0,13
Sep 2014,VIC,54794.0,211
Sep 2014,WA,4055.0,17
Sep 2015,ACT,676112.0,2401
Sep 2015,NSW,420666.0,1479
Sep 2015,NT,588.0,2
Sep 2015,QLD,30898.0,110
Sep 2015,SA,4082.0,17
Sep 2015,TAS,2360.0,10
Sep 2015,VIC,47348.0,174
Sep 2015,WA,5142.0,20
Sep 2016,ACT,902921.0,2898
Sep 2016,NSW,567949.0,1683
Sep 2016,NT,257.0,3
Sep 2016,QLD,45642.0,131
Sep 2016,SA,6520.0,24
Sep 2016,TAS,1827.0,6
Sep 2016,VIC,74860.0,235
Sep 2016,WA,7738.0,29
Sep 2017,ACT,1207014.0,2922
Sep 2017,NSW,828482.0,1779
Sep 2017,NT,3227.0,5
Sep 2017,QLD,63538.0,109
Sep 2017,SA,16274.0,28
Sep 2017,TAS,2189.0,7
Sep 2017,VIC,153573.0,249
Sep 2017,WA,6649.0,19
Sep 2018,ACT,1458049.0,3569
Sep 2018,NSW,1141372.0,2180
Sep 2018,NT,876.0,3
Sep 2018,QLD,91613.0,155
Sep 2018,SA,22413.0,32
Sep 2018,TAS,3726.0,7
Sep 2018,VIC,164140.0,265
Sep 2018,WA,8900.0,26
Sep 2019,ACT,1318442.0,3096
Sep 2019,NSW,911848.0,1885
Sep 2019,NT,1804.0,5
Sep 2019,QLD,60244.0,108
Sep 2019,SA,14522.0,30
Sep 2019,TAS,3200.0,8
Sep 2019,VIC,116619.0,213
Sep 2019,WA,7739.0,17
Sep 2020,ACT,1788315.0,3633
Sep 2020,NSW,1093975.0,2170
Sep 2020,NT,735.0,2
Sep 2020,QLD,49090.0,102
Sep 2020,SA,10575.0,17
Sep 2020,TAS,3686.0,7
Sep 2020,VIC,78264.0,118
Sep 2020,WA,7363.0,19
Sep 2021,ACT,2900840.0,6661
Sep 2021,NSW,938959.0,1730
Sep 2021,NT,1204.0,5
Sep 2021,QLD,88007.0,184
Sep 2021,SA,8568.0,24
Sep 2021,TAS,9392.0,28
Sep 2021,VIC,121753.0,234
Sep 2021,WA,17515.0,47
Sep 2022,ACT,2297811.0,4955
Sep 2022,NSW,2123380.0,3870
Sep 2022,NT,2216.0,4
Sep 2022,QLD,177545.0,316
Sep 2022,SA,37529.0,73
Sep 2022,TAS,7827.0,21
Sep 2022,VIC,331171.0,622
Sep 2022,WA,9584.0,29
Sep 2023,ACT,1557943.0,3483
Sep 2023,NSW,1088341.0,2238
Sep 2023,NT,948.0,3
Sep 2023,QLD,87534.0,181
Sep 2023,SA,21224.0,36
Sep 2023,TAS,2946.0,6
Sep 2023,VIC,182682.0,340
Sep 2023,WA,8116.0,18
